{"cameraMode":{"drawMode":0,"name":"Shaded","section":"Shading Mode"},"sceneLighting":false,"audioPlay":false,"sceneViewState":{"m_AlwaysRefresh":false,"showFog":true,"showSkybox":true,"showFlares":true,"showImageEffects":true,"showParticleSystems":true,"showVisualEffectGraphs":true,"m_FxEnabled":true},"in2DMode":false,"pivot":{"x":-1.1222188472747803,"y":0.04746061563491821,"z":19.344980239868165},"rotation":{"x":0.17501215636730195,"y":0.33572328090667727,"z":-0.06338103860616684,"w":0.9235634803771973},"size":4.75641393661499,"orthographic":false}