{"cameraMode":{"drawMode":0,"name":"Shaded","section":"Shading Mode"},"sceneLighting":false,"audioPlay":false,"sceneViewState":{"m_AlwaysRefresh":false,"showFog":true,"showSkybox":true,"showFlares":true,"showImageEffects":true,"showParticleSystems":true,"showVisualEffectGraphs":true,"m_FxEnabled":true},"in2DMode":false,"pivot":{"x":11.528944969177246,"y":0.6312873363494873,"z":9.380818367004395},"rotation":{"x":-0.042830102145671847,"y":-0.7044960856437683,"z":0.042843613773584369,"w":-0.7073289752006531},"size":5.438170433044434,"orthographic":false}