{"cameraMode":{"drawMode":0,"name":"Shaded","section":"Shading Mode"},"sceneLighting":false,"audioPlay":false,"sceneViewState":{"m_AlwaysRefresh":false,"showFog":true,"showSkybox":true,"showFlares":true,"showImageEffects":true,"showParticleSystems":true,"showVisualEffectGraphs":true,"m_FxEnabled":true},"in2DMode":false,"pivot":{"x":-0.5725727081298828,"y":0.03252058103680611,"z":-0.1030314564704895},"rotation":{"x":0.002679829951375723,"y":-0.11405227333307266,"z":0.00031022090115584433,"w":0.9934809803962708},"size":2.064959764480591,"orthographic":false}