{"cameraMode":{"drawMode":0,"name":"Shaded","section":"Shading Mode"},"sceneLighting":false,"audioPlay":false,"sceneViewState":{"m_AlwaysRefresh":false,"showFog":true,"showSkybox":true,"showFlares":true,"showImageEffects":true,"showParticleSystems":true,"showVisualEffectGraphs":true,"m_FxEnabled":true},"in2DMode":false,"pivot":{"x":2.6066994667053224,"y":1.4293861389160157,"z":14.61390209197998},"rotation":{"x":0.026694996282458307,"y":-0.00029946485301479697,"z":0.000017565160305821337,"w":0.999661386013031},"size":4.903467655181885,"orthographic":false}