{"cameraMode":{"drawMode":0,"name":"Shaded","section":"Shading Mode"},"sceneLighting":false,"audioPlay":false,"sceneViewState":{"m_AlwaysRefresh":false,"showFog":true,"showSkybox":true,"showFlares":true,"showImageEffects":true,"showParticleSystems":true,"showVisualEffectGraphs":true,"m_FxEnabled":true},"in2DMode":false,"pivot":{"x":37.16490936279297,"y":0.5127310752868652,"z":37.781654357910159},"rotation":{"x":-0.010011834092438221,"y":-0.46001073718070986,"z":0.005479093175381422,"w":-0.8879759907722473},"size":27.78844451904297,"orthographic":false}