{"cameraMode":{"drawMode":0,"name":"Shaded","section":"Shading Mode"},"sceneLighting":false,"audioPlay":false,"sceneViewState":{"m_AlwaysRefresh":false,"showFog":true,"showSkybox":true,"showFlares":true,"showImageEffects":true,"showParticleSystems":true,"showVisualEffectGraphs":true,"m_FxEnabled":true},"in2DMode":false,"pivot":{"x":2.368406295776367,"y":-0.8321318030357361,"z":6.591513633728027},"rotation":{"x":0.13875995576381684,"y":0.003263285383582115,"z":-0.00045804737601429224,"w":0.9903240203857422},"size":16.883241653442384,"orthographic":false}