{"cameraMode":{"drawMode":0,"name":"Shaded","section":"Shading Mode"},"sceneLighting":false,"audioPlay":false,"sceneViewState":{"m_AlwaysRefresh":false,"showFog":true,"showSkybox":false,"showFlares":true,"showImageEffects":true,"showParticleSystems":true,"showVisualEffectGraphs":true,"m_FxEnabled":true},"in2DMode":false,"pivot":{"x":-0.5833487510681152,"y":0.32055819034576418,"z":0.4619009494781494},"rotation":{"x":0.12235444039106369,"y":0.2248988151550293,"z":-0.02877676486968994,"w":0.9663814306259155},"size":2.015730619430542,"orthographic":false}