{"cameraMode":{"drawMode":0,"name":"Shaded","section":"Shading Mode"},"sceneLighting":false,"audioPlay":false,"sceneViewState":{"m_AlwaysRefresh":false,"showFog":true,"showSkybox":false,"showFlares":true,"showImageEffects":true,"showParticleSystems":true,"showVisualEffectGraphs":true,"m_FxEnabled":true},"in2DMode":false,"pivot":{"x":0.021656036376953126,"y":2.1133623123168947,"z":0.2537904977798462},"rotation":{"x":0.13206231594085694,"y":0.490492045879364,"z":-0.07549140602350235,"w":0.8580647110939026},"size":3.932119369506836,"orthographic":false}